Census year,Block ID,CLUE small area,Accommodation,Admin and Support Services,Agriculture and Mining,Arts and Recreation Services,Business Services,Construction,Education and Training,"Electricity, Gas, Water and Waste Services",Finance and Insurance,Food and Beverage Services,Health Care and Social Assistance,Information Media and Telecommunications,Manufacturing,Other Services,Public Administration and Safety,Real Estate Services,Rental and Hiring Services,Retail Trade,"Transport, Postal and Storage",Wholesale Trade,Total employment in block
2016,1,Melbourne (CBD),0,122,0,,137,0,0,,,77,,0,0,3,0,0,,14,,0,791
2016,2,Melbourne (CBD),0,,,207,,,,,,,,,,,,,,,,,207
2016,4,Melbourne (CBD),0,0,0,39,0,0,,0,0,205,,0,0,16,,0,0,46,226,0,558
2016,5,Melbourne (CBD),0,0,0,0,0,0,0,0,0,,0,,0,,0,0,0,10,0,0,15
2016,6,Melbourne (CBD),0,40,0,341,0,0,0,0,0,302,0,,0,,,,,48,30,0,"1,045"
2016,11,Melbourne (CBD),152,68,0,0,107,,,,32,90,64,,0,56,0,,0,,,,718
2016,12,Melbourne (CBD),102,"1,289",0,55,"1,492",,137,,304,189,73,,0,23,,,0,15,,0,"4,608"
2016,13,Melbourne (CBD),0,191,98,,562,,42,606,298,41,0,,0,20,0,,0,34,32,0,"2,000"
2016,14,Melbourne (CBD),155,157,,,539,73,517,0,100,384,79,29,,177,,51,0,79,,27,"2,426"
2016,15,Melbourne (CBD),60,131,,154,219,,485,0,71,766,41,65,47,188,,,0,411,0,23,"2,679"
2016,16,Melbourne (CBD),,,0,158,360,0,228,,74,144,49,,0,20,0,16,0,68,0,,"1,238"
2016,17,Melbourne (CBD),,51,0,,451,0,79,0,653,510,0,,,3,,76,0,35,0,0,"2,205"
2016,18,Melbourne (CBD),98,12,0,,"2,021",,,0,771,226,,,,20,,248,0,,,0,"4,572"
2016,21,Melbourne (CBD),,0,0,0,266,0,0,,,26,0,,,215,"1,265",,0,,,0,"2,057"
2016,22,Melbourne (CBD),,436,,108,"2,471",122,,70,380,331,,,,95,224,41,0,40,93,0,"4,623"
2016,23,Melbourne (CBD),,252,,24,"1,001",,48,0,98,85,37,234,,81,,61,0,28,0,,"2,078"
2016,24,Melbourne (CBD),0,310,40,,"2,123",77,69,,"2,139",270,160,"1,255",23,87,,351,0,150,50,,"7,732"
2016,25,Melbourne (CBD),32,366,0,,787,0,408,0,147,264,136,,40,281,,118,0,421,,143,"3,991"
2016,26,Melbourne (CBD),,,,,"2,246",,0,,"1,048",218,59,0,0,30,0,,0,138,0,,"4,587"
2016,27,Melbourne (CBD),,64,0,,"2,103",66,,,"2,285",290,62,,,100,,,,214,0,,"5,891"
2016,28,Melbourne (CBD),,194,,0,586,79,,0,853,287,129,,,66,390,243,0,113,,,"5,733"
2016,568,Kensington,0,0,0,0,0,0,0,0,0,0,0,0,0,0,0,0,0,0,0,0,0
2016,31,Melbourne (CBD),,,0,,240,,136,0,208,169,163,,,64,,0,0,48,,0,"1,381"
2016,32,Melbourne (CBD),,455,81,0,"2,563",,30,284,"2,623",154,128,34,12,147,383,180,0,20,258,,"7,424"
2016,33,Melbourne (CBD),26,484,21,0,962,39,357,0,462,251,88,,0,220,,24,0,52,27,,"3,050"
2016,34,Melbourne (CBD),,710,25,,"1,598",,60,58,"2,995",162,78,18,29,325,,146,0,175,38,25,"6,514"
2016,35,Melbourne (CBD),,78,0,21,161,,150,,50,256,436,,192,168,0,6,0,727,,73,"2,513"
2016,36,Melbourne (CBD),121,43,0,,302,0,0,,"1,059",183,29,,3,206,,,0,83,0,0,"2,168"
2016,37,Melbourne (CBD),88,92,,0,779,,0,,"1,418",81,28,,80,41,"1,566",204,0,60,,,"6,008"
2016,38,Melbourne (CBD),,57,0,,649,6,113,53,470,323,388,33,126,145,53,27,0,46,49,,"2,680"
2016,41,Melbourne (CBD),,24,,0,354,,,0,,87,85,0,0,80,,,0,,,0,"1,864"
2016,42,Melbourne (CBD),0,111,15,0,"1,568",,329,511,896,163,75,261,129,133,571,150,0,19,,38,"5,007"
2016,43,Melbourne (CBD),,380,,0,"2,532",50,590,0,686,132,,124,38,146,,,0,52,107,0,"5,578"
2016,44,Melbourne (CBD),0,189,,,828,,54,803,"1,324",191,57,,16,135,416,38,,160,,25,"4,289"
2016,45,Melbourne (CBD),,,0,,54,0,73,0,41,202,0,,27,71,0,,0,"1,198",0,0,"1,830"
2016,46,Melbourne (CBD),,43,0,7,183,0,,,,394,167,54,0,126,"1,097",,0,219,0,0,"2,666"
2016,47,Melbourne (CBD),45,,0,,,,,0,27,276,24,,,322,"3,745",,0,84,,0,"7,191"
2016,48,Melbourne (CBD),,22,0,29,376,0,,,50,347,87,,26,117,0,19,,66,,,"1,489"
2016,51,Melbourne (CBD),,0,0,13,539,,164,,,153,,,,72,,24,0,16,,0,"2,317"
2016,52,Melbourne (CBD),0,113,0,,"4,980",,,0,"2,364",217,9,317,0,80,216,228,0,35,,,"8,741"
2016,53,Melbourne (CBD),104,56,0,0,"1,045",41,60,,"3,877",246,53,27,11,217,35,46,0,12,19,,"5,864"
2016,54,Melbourne (CBD),0,131,0,20,633,,90,0,161,326,84,,17,218,0,48,0,220,,17,"1,987"
2016,55,Melbourne (CBD),,,0,,134,0,0,0,,161,,0,0,,0,,,"1,513",0,0,"2,110"
2016,56,Melbourne (CBD),0,84,,,281,,63,,45,654,18,108,23,163,,,,441,,,"1,895"
2016,57,Melbourne (CBD),,37,0,91,247,,37,0,14,550,49,32,,133,0,55,0,75,0,,"1,349"
2016,58,Melbourne (CBD),197,0,0,,122,0,0,0,26,545,0,0,4,26,,0,0,74,,,"1,155"
2016,61,Melbourne (CBD),,0,0,0,0,0,,,0,225,0,0,0,0,0,27,0,,0,0,349
2016,62,Melbourne (CBD),,0,0,,"1,445",0,44,,,100,0,0,0,34,,,0,,0,0,"1,869"
2016,63,Melbourne (CBD),0,,0,0,218,0,39,0,,57,0,,0,23,191,17,0,25,0,,680
2016,64,Melbourne (CBD),,127,0,33,944,,209,,23,339,31,0,,40,0,,,210,0,,"2,014"
2016,65,Melbourne (CBD),,7,0,,12,0,28,0,,767,27,0,0,99,0,42,0,"1,739",,,"2,839"
2016,66,Melbourne (CBD),,73,0,0,20,,47,,,607,,,0,79,0,,0,133,,0,"1,066"
2016,67,Melbourne (CBD),90,20,0,166,53,0,101,0,,462,34,,0,30,0,,0,27,0,0,"1,002"
2016,68,Melbourne (CBD),68,0,0,,53,0,,0,316,227,0,,0,45,961,,0,,0,0,"2,077"
2016,71,Melbourne (CBD),,,0,0,51,0,0,0,0,,0,0,0,,0,0,0,,0,0,132
2016,72,Melbourne (CBD),0,77,0,0,629,,,0,,209,,,,21,,15,0,18,0,0,"1,412"
2016,73,Melbourne (CBD),0,0,0,0,419,0,0,0,0,15,0,0,0,,841,,0,0,0,0,"1,308"
2016,74,Melbourne (CBD),0,383,0,,517,,105,0,71,366,,,17,103,0,57,0,90,,0,"1,790"
2016,76,Melbourne (CBD),0,,0,74,,,,0,29,471,190,"2,761",,77,0,0,0,704,,0,"6,860"
2016,77,Melbourne (CBD),,,0,,103,0,,0,275,121,,"1,139",0,33,0,,0,11,,0,"2,118"
2016,78,Melbourne (CBD),0,,0,,,0,0,0,"2,778",148,,,,9,"4,008",12,0,28,0,0,"12,168"
2016,81,Melbourne (CBD),,0,0,0,,0,291,0,0,97,0,0,0,0,0,0,0,22,0,0,451
2016,82,Melbourne (CBD),0,,0,,"2,100",,49,,209,59,,418,0,20,"1,184",,0,,120,0,"4,331"
2016,83,Melbourne (CBD),0,0,0,,0,,,0,0,37,0,0,0,9,,0,0,0,0,0,702
2016,84,Melbourne (CBD),0,,0,0,189,34,117,,,182,0,,0,117,0,,0,68,0,,766
2016,85,Melbourne (CBD),,147,0,,251,,0,,"2,261","1,521",125,666,,196,"1,232",,0,"1,588",,0,"8,226"
2016,86,Melbourne (CBD),0,0,0,,0,0,0,0,0,,0,,0,50,0,0,0,,0,0,478
2016,87,Melbourne (CBD),,,0,0,419,,136,,,159,0,0,0,22,0,23,0,,0,,"4,532"
2016,88,Melbourne (CBD),0,0,0,0,0,0,0,0,0,,,,0,0,0,,0,,0,0,56
2016,91,West Melbourne (Residential),0,155,0,0,91,,23,,25,25,30,,,22,,19,0,,0,17,468
2016,92,West Melbourne (Residential),0,0,0,,0,0,0,0,0,0,0,0,0,0,0,0,0,0,0,0,
2016,93,Melbourne (CBD),,,0,,485,,68,0,545,49,0,0,0,173,774,,0,,0,,"2,442"
2016,94,Melbourne (CBD),,0,0,0,574,,,0,,59,0,,0,57,,23,0,84,0,0,"3,421"
2016,95,Melbourne (CBD),,74,0,,54,,449,0,11,280,55,,,38,0,,,76,0,0,"1,129"
2016,96,Melbourne (CBD),0,,0,88,0,0,"2,673",0,,11,34,,0,,,0,0,0,0,0,"2,953"
2016,97,Melbourne (CBD),43,,0,16,55,,,0,,40,0,350,0,25,0,,0,,0,0,687
2016,98,Melbourne (CBD),0,0,0,0,0,0,0,0,0,0,0,0,0,,0,0,0,0,0,0,
2016,101,West Melbourne (Residential),0,0,0,0,0,0,,,0,,,0,,78,0,0,0,0,0,0,133
2016,103,Melbourne (CBD),246,0,0,0,37,,,,,16,,0,0,353,0,,0,0,0,0,721
2016,104,Melbourne (CBD),38,,0,0,31,0,48,,,91,,0,,23,0,0,,19,0,0,281
2016,105,Melbourne (CBD),0,,0,,177,,"1,041",0,0,68,,0,0,0,,0,,17,,0,"1,424"
2016,107,Melbourne (CBD),,0,0,,0,0,0,0,0,,0,0,0,,0,0,0,,0,0,80
2016,111,West Melbourne (Residential),,,0,,,,,0,,0,0,0,0,,,,0,,,,290
2016,113,Melbourne (CBD),0,,0,,0,0,0,,0,146,,0,15,6,0,,0,784,7,,"1,077"
2016,114,Melbourne (CBD),,0,0,,67,,,0,0,202,0,0,0,,0,,0,90,0,,483
2016,115,Melbourne (CBD),71,,0,,,,203,0,,37,0,,0,,0,27,33,75,,0,"1,926"
2016,116,Melbourne (CBD),0,0,0,,0,0,0,0,0,0,,0,0,0,0,0,0,0,0,0,
2016,125,Melbourne (CBD),0,0,0,0,0,0,0,0,0,,,0,0,,0,0,0,,0,0,67
2016,131,Docklands,,,,,171,,,,,92,,,0,9,"3,926",,0,,,0,"5,158"
2016,201,Carlton,0,0,0,,0,0,0,0,0,0,0,0,0,0,0,0,0,0,0,0,
2016,202,Carlton,,0,0,0,0,0,0,0,0,0,0,0,0,0,0,0,0,0,0,0,
2016,203,Carlton,,0,0,0,0,0,0,0,0,,,0,0,0,0,0,0,,0,0,32
2016,204,Carlton,,0,0,0,0,0,79,0,0,,,0,0,,0,0,0,0,0,0,116
2016,205,Carlton,,0,0,0,0,0,91,0,0,24,820,,0,0,0,0,0,,0,0,962
2016,206,Carlton,6,0,0,,18,0,0,0,32,118,,,0,21,0,,0,76,0,0,280
2016,207,Carlton,,0,0,0,0,0,0,,0,92,,0,0,,0,0,0,71,0,0,174
2016,208,Carlton,0,0,0,0,,0,0,0,0,,0,0,0,,0,0,0,0,0,0,23
2016,209,Carlton,0,0,0,0,0,0,0,0,0,0,0,0,0,,0,0,0,0,0,0,
2016,210,Carlton,0,0,0,0,0,0,,0,0,0,0,0,0,0,0,0,0,0,0,0,
2016,211,Carlton,0,0,0,0,0,0,0,0,0,0,0,0,0,0,,0,0,0,0,0,
2016,212,Carlton,,0,0,,0,0,0,0,0,,254,0,0,0,,0,0,,0,0,276
2016,213,Carlton,0,0,0,,0,0,,,0,0,,0,0,,,0,0,0,0,0,101
2016,214,Carlton,,,0,0,38,0,0,0,0,,,0,5,,0,0,0,16,0,,99
2016,215,Carlton,,0,0,,0,0,0,0,0,34,,0,0,,,,0,12,,0,89
2016,216,Carlton,0,0,0,0,,0,0,0,,36,0,0,,52,0,0,,28,0,,145
2016,217,Carlton,0,,0,,,,0,0,0,256,43,,,33,0,0,0,216,0,0,732
2016,218,Carlton,,25,0,18,109,18,,0,,197,29,,,45,0,,0,68,0,,584
2016,219,Carlton,4,0,0,0,,0,,0,0,,,0,0,0,0,0,0,0,0,0,43
2016,220,Carlton,0,0,0,0,,0,0,0,,0,0,0,0,0,0,0,0,0,0,,20
2016,221,Carlton,,0,0,0,0,0,0,0,0,0,0,0,0,0,0,0,0,0,0,0,
2016,222,Carlton,0,0,0,,0,0,0,0,0,0,,0,0,0,,0,0,,0,0,26
2016,223,Carlton,,0,0,0,,0,0,0,0,,18,0,0,7,0,,0,,0,0,62
2016,224,Carlton,,0,0,0,31,0,0,0,,,,0,87,,0,,0,6,0,0,164
2016,225,Carlton,0,0,0,,0,0,0,0,,,0,0,0,0,0,0,0,,0,0,18
2016,226,Carlton,0,0,0,0,0,0,0,0,0,38,0,0,0,0,0,0,0,0,0,0,38
2016,227,Carlton,0,0,0,,0,0,,0,0,,0,0,0,0,0,,0,0,0,0,10
2016,228,Carlton,0,0,0,,,0,0,0,0,,,0,0,0,,0,0,0,0,0,141
2016,229,Carlton,0,0,0,,0,0,0,,0,0,0,0,0,0,0,0,0,0,0,0,
2016,230,Carlton,0,,0,,0,0,0,0,0,,,0,0,4,0,0,0,,0,,33
2016,231,Carlton,0,0,0,0,0,0,0,0,0,0,,0,0,0,0,0,0,0,0,0,
2016,232,Carlton,0,0,0,,0,0,,0,0,,0,0,0,0,0,0,0,0,0,0,37
2016,233,Carlton,0,0,0,,0,0,0,,0,0,0,0,0,0,0,0,0,0,0,0,0
2016,234,Carlton,0,0,0,0,,0,0,0,0,0,,0,0,0,0,0,0,,0,0,15
2016,235,Carlton,0,0,0,0,0,0,0,0,0,0,0,0,0,0,,0,0,0,0,0,
2016,236,Carlton,0,0,0,0,0,0,0,0,0,0,,0,,0,0,0,0,,0,0,10
2016,237,Carlton,0,0,0,,0,0,0,,0,0,0,0,0,0,0,0,0,0,0,0,
2016,238,Carlton,0,0,0,0,0,0,0,0,0,0,,0,0,0,0,0,0,0,0,0,
2016,239,Carlton,0,0,0,0,237,0,,0,,12,74,,0,,0,0,0,,0,0,627
2016,240,Carlton,0,0,0,0,,0,633,0,0,28,0,0,0,0,0,0,0,,0,0,683
2016,241,Carlton,0,0,0,,0,0,0,0,0,0,0,0,0,,0,0,0,0,0,0,
2016,242,Carlton,,0,0,,56,0,530,0,,,,,0,0,0,,0,0,0,0,648
2016,243,Carlton,66,,,0,30,0,264,0,0,77,21,0,,,0,0,0,,0,0,501
2016,244,Carlton,0,0,0,,0,0,0,0,0,0,0,0,0,,0,0,0,0,0,0,
2016,245,Carlton,0,10,0,0,67,0,,0,21,102,,0,0,,0,,0,,0,,300
2016,246,Carlton,,0,0,0,12,0,,0,0,165,,0,,,0,,0,17,0,,223
2016,247,Carlton,,,0,,271,46,,0,,109,55,,0,44,,0,0,,0,0,978
2016,248,Carlton,11,,0,0,13,0,,0,0,,,0,0,54,0,,0,0,0,0,138
2016,249,Carlton,0,0,0,,0,0,0,0,0,0,0,0,0,,0,0,0,0,0,0,2
2016,250,Carlton,0,,0,,0,0,0,0,0,,0,,0,,0,0,0,0,0,0,674
2016,251,Carlton,0,0,0,0,109,0,0,0,227,,286,,0,72,,,0,0,0,,818
2016,252,Carlton,,0,0,0,41,,0,,,168,11,0,0,18,0,,0,16,,,284
2016,253,Carlton,0,0,0,,0,0,0,0,0,0,0,0,0,0,0,0,0,0,0,0,
2016,254,Carlton,0,,0,0,33,,,0,,76,40,,0,107,0,,0,,,0,346
2016,255,Carlton,0,0,0,0,19,0,,0,0,31,,,,105,,,0,11,0,,523
2016,256,Carlton,14,,0,0,0,0,154,0,0,20,0,0,,,,0,0,0,0,0,296
2016,257,Carlton,,0,0,0,,0,,,0,45,472,0,0,,0,0,0,,0,,820
2016,258,Carlton,0,0,0,0,,0,,0,0,,,,,0,0,0,0,,0,0,253
2016,259,Carlton,0,0,0,0,0,0,,,0,,0,,0,0,0,0,0,0,0,,368
2016,260,Carlton,,,0,0,,,0,0,0,23,,0,,,0,0,0,32,0,0,147
2016,261,Carlton,,0,0,0,41,0,,0,0,,0,,,178,0,0,0,48,0,0,304
2016,262,Carlton,0,0,0,,23,0,0,0,0,,0,0,0,,0,0,0,0,0,,44
2016,263,Carlton,,0,0,,100,,,0,0,,,0,0,348,,,0,23,0,,937
2016,264,Carlton,0,0,0,,,0,,0,0,,0,0,0,0,0,0,0,,0,,100
2016,265,Carlton,38,,0,0,8,,196,0,0,79,0,0,,134,,,0,,0,,705
2016,266,Carlton,,0,0,0,,0,395,0,0,37,0,,,,0,0,0,0,0,0,479
2016,267,Carlton,,,0,0,38,,0,0,,32,16,,0,125,0,0,0,,,0,277
2016,268,Carlton,,,0,,42,0,0,0,,,34,0,0,,0,,0,0,0,0,136
2016,269,Carlton,0,0,0,,0,0,0,0,0,0,0,0,0,,0,0,0,0,0,0,
2016,270,Parkville,0,59,0,42,0,0,"2,703",0,,246,0,0,0,,0,0,0,55,,0,"3,115"
2016,271,Parkville,679,0,0,0,0,0,,0,0,,0,0,0,0,0,0,0,0,0,0,706
2016,272,Parkville,,0,0,0,0,0,0,0,0,0,0,0,0,0,0,0,0,0,0,0,
2016,273,Carlton,0,0,0,,0,0,0,,0,0,0,0,0,,0,0,0,0,0,0,4
2016,274,Carlton,0,50,0,174,0,0,0,0,0,,0,0,0,0,0,0,0,,0,0,237
2016,301,North Melbourne,0,0,0,0,,0,0,0,0,0,,0,0,,0,0,0,,0,0,10
2016,302,North Melbourne,0,0,0,0,0,0,,0,0,0,0,0,0,,0,0,0,0,0,0,
2016,917,Parkville,0,0,0,0,0,0,0,0,0,0,0,0,0,0,0,0,0,0,0,0,0
2016,303,North Melbourne,0,0,0,,0,0,,0,0,0,,0,0,0,0,0,0,0,0,0,22
2016,304,North Melbourne,0,0,0,0,0,0,0,0,0,0,,0,0,,0,0,0,0,0,0,
2016,305,North Melbourne,0,0,0,0,0,0,0,0,0,0,0,0,0,0,0,0,0,0,0,0,0
2016,306,North Melbourne,0,0,0,0,0,0,0,0,0,0,0,0,0,,0,0,0,0,0,0,
2016,307,North Melbourne,0,0,0,0,0,0,0,0,0,0,0,0,0,0,0,0,0,0,0,0,0
2016,308,North Melbourne,0,0,0,0,0,0,0,0,0,0,0,0,0,0,0,0,0,0,0,0,0
2016,309,North Melbourne,0,0,0,,,,,,,,0,,,8,0,0,,0,0,0,246
2016,310,North Melbourne,0,0,0,0,,0,0,0,0,,0,0,94,0,,0,0,,0,,142
2016,311,North Melbourne,0,,0,0,,0,0,0,0,0,0,0,0,0,0,0,0,0,0,0,
2016,312,North Melbourne,0,0,0,0,,0,,,0,,0,0,0,0,0,0,0,0,0,,44
2016,313,North Melbourne,0,0,0,0,,,0,,0,0,0,0,,0,0,0,0,0,0,0,134
2016,314,North Melbourne,0,,0,0,,0,0,0,0,0,0,0,0,0,0,0,0,0,0,,128
2016,315,North Melbourne,0,0,0,195,0,0,0,,0,0,0,0,0,0,0,0,0,,0,0,196
2016,316,North Melbourne,0,0,0,,0,0,0,0,0,0,0,0,0,0,0,0,0,0,0,0,
2016,317,North Melbourne,0,0,0,0,0,0,0,0,0,,,0,0,,0,0,0,0,,0,27
2016,318,North Melbourne,0,0,0,0,0,0,0,0,0,0,,0,0,,0,0,0,0,0,0,
2016,319,North Melbourne,0,0,0,0,0,0,0,0,0,,0,,0,0,0,0,0,0,0,0,
2016,320,North Melbourne,0,0,0,,0,0,0,0,0,0,0,0,0,0,0,0,0,0,0,0,
2016,321,North Melbourne,0,0,0,,0,0,0,0,0,0,0,0,0,0,0,0,0,0,0,0,
2016,322,North Melbourne,0,,,,,,,,,,,,,14,,,,,,,63
2016,323,North Melbourne,0,,0,0,0,,0,0,0,0,0,0,,,0,0,0,0,,,175
2016,324,North Melbourne,0,0,0,,0,0,0,0,0,0,0,0,0,0,0,0,0,0,0,0,
2016,325,North Melbourne,0,0,0,0,0,0,0,0,0,0,0,0,0,0,0,0,0,0,0,0,0
2016,326,North Melbourne,0,0,0,,0,0,0,0,0,9,0,0,0,,0,0,0,,0,0,18
2016,327,North Melbourne,0,0,0,0,0,0,0,0,0,,,0,0,0,0,0,0,,0,0,19
2016,328,North Melbourne,0,0,0,0,0,0,,0,0,0,0,0,0,0,0,0,0,0,0,0,
2016,329,North Melbourne,0,0,0,0,0,0,,0,,0,0,0,0,,0,0,0,0,0,0,107
2016,330,North Melbourne,0,0,0,0,0,0,0,,0,0,0,0,0,0,0,0,0,0,0,0,
2016,331,North Melbourne,0,0,0,0,,0,0,0,0,0,0,,,44,0,0,0,0,0,,86
2016,332,North Melbourne,0,0,0,,,0,0,0,,0,0,0,19,,0,0,0,0,,0,57
2016,333,North Melbourne,0,0,0,0,0,0,0,0,25,,,,0,10,0,,0,8,0,0,206
2016,334,North Melbourne,0,0,0,0,23,0,0,0,,,,0,,,0,0,0,,0,0,61
2016,335,North Melbourne,0,,0,0,52,,,0,21,26,15,,,,,,0,17,,21,201
2016,336,North Melbourne,0,0,0,0,33,,0,0,0,0,0,,,,0,0,0,0,0,,57
2016,337,North Melbourne,0,0,0,0,,26,0,,0,0,0,,0,,0,0,0,41,,31,134
2016,338,North Melbourne,0,0,0,0,0,,0,0,0,0,,0,59,,0,0,0,0,0,0,86
2016,339,North Melbourne,0,0,0,,0,0,,0,0,0,0,0,,0,0,0,0,0,0,,31
2016,340,North Melbourne,0,0,0,0,0,0,0,0,0,,,0,,10,0,0,0,0,0,,19
2016,341,North Melbourne,0,0,0,,,0,0,0,0,,0,0,0,,,0,0,,0,24,169
2016,342,North Melbourne,0,0,0,,31,44,,0,0,0,0,0,0,,,0,0,,0,0,90
2016,343,North Melbourne,0,0,0,,,,,0,0,0,,0,,,0,,0,6,0,,127
2016,344,North Melbourne,0,,0,0,0,0,0,0,0,,0,0,0,0,0,0,0,0,0,0,
2016,345,North Melbourne,0,,0,27,,0,,,23,120,20,,,38,0,,0,50,,0,380
2016,346,North Melbourne,0,0,0,0,8,,0,0,,34,,0,,19,0,,0,19,,0,110
2016,347,North Melbourne,0,0,0,,0,0,0,0,0,,0,0,,0,0,0,0,0,0,0,12
2016,348,North Melbourne,0,0,0,0,0,0,0,0,0,0,,0,0,0,0,0,0,0,0,0,
2016,349,North Melbourne,0,0,0,0,,0,0,0,0,0,0,0,0,0,0,0,0,0,0,0,
2016,350,North Melbourne,0,0,0,0,0,0,0,0,0,0,0,0,0,0,0,0,0,0,0,0,0
2016,351,North Melbourne,0,0,0,,0,0,0,0,0,0,0,0,0,0,0,0,0,0,0,0,
2016,352,North Melbourne,,0,0,0,0,0,0,,0,0,0,0,0,0,0,0,0,0,0,0,
2016,353,North Melbourne,,0,0,0,,0,,0,0,,135,0,,,0,0,0,,0,0,187
2016,354,North Melbourne,0,20,0,,46,,,0,0,102,23,,0,41,0,,0,70,,18,423
2016,355,North Melbourne,,,0,0,86,,0,0,22,,15,,,,0,0,0,,0,,177
2016,356,North Melbourne,,,0,0,32,0,8,0,0,26,0,,,13,,,0,27,0,28,163
2016,357,North Melbourne,0,0,0,0,63,,84,0,,20,67,0,,151,0,,0,,,,456
2016,358,North Melbourne,,0,0,,,0,0,0,0,23,0,0,,16,0,0,0,7,20,0,300
2016,359,North Melbourne,0,,0,,12,,,,0,,,0,0,,,0,0,,0,,82
2016,360,North Melbourne,0,0,0,,0,0,,0,0,27,,,0,,0,0,0,16,0,,95
2016,361,North Melbourne,4,,0,0,,0,0,0,0,28,0,,0,14,,0,0,,0,0,110
2016,362,North Melbourne,,,0,0,0,0,,0,0,28,13,0,0,0,0,0,0,60,0,0,133
2016,363,North Melbourne,0,0,0,0,0,0,0,0,0,0,0,0,0,0,0,0,0,103,0,0,103
2016,364,North Melbourne,,0,0,,,0,0,0,0,0,0,0,0,0,0,0,,0,0,0,81
2016,365,North Melbourne,0,,0,,56,0,0,0,0,0,0,0,0,0,0,0,0,,0,0,67
2016,366,North Melbourne,,0,0,0,0,0,0,0,0,,0,0,0,0,0,0,0,0,0,0,
2016,367,North Melbourne,,0,0,0,0,0,,0,0,0,0,0,0,,0,0,0,0,0,0,12
2016,368,North Melbourne,,0,0,0,0,0,0,0,0,,0,0,,11,0,0,0,0,0,0,42
2016,369,North Melbourne,0,0,0,0,23,0,0,0,0,27,,,,6,0,,0,,,,80
2016,370,North Melbourne,,0,0,0,28,,0,,0,,0,0,0,0,0,,0,,,0,50
2016,371,North Melbourne,0,0,0,0,,0,0,0,0,0,0,0,0,0,0,0,0,0,0,0,
2016,372,North Melbourne,0,0,0,0,0,0,0,0,0,0,0,0,0,0,0,0,0,0,0,0,0
2016,373,North Melbourne,0,0,0,,0,0,0,,0,0,0,0,0,0,0,0,0,0,0,0,
2016,374,North Melbourne,0,0,0,,0,0,0,0,0,0,0,0,0,0,0,0,0,0,0,0,
2016,375,North Melbourne,,,0,0,36,,0,0,0,22,35,0,0,,,0,0,0,0,,254
2016,376,North Melbourne,0,,0,44,8,0,0,,0,,13,0,0,11,,0,0,,,0,185
2016,377,North Melbourne,0,61,0,0,418,,,0,0,35,144,0,,41,0,,0,0,0,0,779
2016,378,North Melbourne,,0,0,,,,0,0,0,,,0,0,,0,0,0,,0,0,275
2016,379,North Melbourne,0,0,0,0,0,0,,0,0,0,0,0,0,0,0,0,0,0,0,0,
2016,380,North Melbourne,,0,0,,0,0,0,0,0,0,0,0,0,0,0,0,0,0,0,0,
2016,401,West Melbourne (Residential),0,0,0,0,0,0,0,0,0,0,0,0,0,0,0,0,0,0,0,,
2016,402,West Melbourne (Residential),0,0,0,0,,,0,0,0,0,0,0,0,0,0,0,,0,0,0,21
2016,403,West Melbourne (Residential),0,,0,0,,,0,0,0,0,0,,0,0,0,0,0,,,,222
2016,404,West Melbourne (Residential),0,0,0,0,0,,0,0,0,0,0,0,0,0,0,0,0,0,0,,16
2016,405,West Melbourne (Residential),0,0,0,0,0,0,0,0,0,0,0,0,0,0,0,0,0,,0,,
2016,406,West Melbourne (Residential),0,0,0,0,,0,0,0,0,0,0,0,0,0,0,0,0,0,0,0,
2016,407,West Melbourne (Residential),0,0,0,0,,0,0,0,0,0,0,0,0,0,0,0,0,0,0,0,
2016,408,West Melbourne (Residential),0,0,0,,0,0,0,0,0,0,0,0,0,0,0,0,0,0,0,0,
2016,409,West Melbourne (Residential),0,0,0,0,0,0,0,,0,,0,0,0,,0,0,0,,,0,16
2016,410,West Melbourne (Residential),0,0,0,0,0,0,0,0,0,0,0,0,0,0,0,0,0,0,0,0,0
2016,411,West Melbourne (Residential),0,0,0,0,0,0,0,0,0,0,0,0,0,0,0,0,0,0,0,0,0
2016,412,West Melbourne (Residential),0,0,0,0,,0,,,0,0,0,0,,0,0,0,0,0,0,0,23
2016,413,West Melbourne (Residential),0,0,0,0,0,,0,0,0,,0,,,,0,0,0,0,0,,105
2016,414,West Melbourne (Residential),,9,0,0,46,0,,0,,,0,,,,0,0,,0,0,0,103
2016,415,West Melbourne (Residential),0,0,0,0,,0,0,0,0,,0,0,0,0,0,0,0,0,0,0,
2016,416,West Melbourne (Residential),0,0,0,,0,0,0,0,0,0,0,0,0,0,0,0,0,0,0,0,
2016,418,West Melbourne (Residential),0,0,0,0,,0,0,0,0,0,0,0,0,0,,0,0,0,0,,41
2016,419,West Melbourne (Residential),0,0,0,,21,,0,,,,,0,0,,0,0,0,0,0,0,72
2016,420,West Melbourne (Residential),,0,0,0,,0,0,0,0,0,0,0,0,0,0,0,0,0,0,,72
2016,421,West Melbourne (Residential),0,0,0,,0,0,0,0,0,0,0,0,0,0,0,0,0,0,0,0,
2016,422,West Melbourne (Residential),0,0,0,0,0,0,0,0,0,0,0,0,0,,0,0,0,0,0,0,
2016,423,West Melbourne (Residential),0,0,0,,0,0,0,0,0,25,0,0,0,,0,0,0,20,0,0,48
2016,424,West Melbourne (Residential),0,,0,0,0,0,0,0,0,20,13,0,0,11,0,0,0,,0,0,55
2016,425,West Melbourne (Residential),0,0,0,,0,0,0,0,0,0,,0,0,0,0,0,0,0,0,0,
2016,426,West Melbourne (Residential),0,0,0,0,62,0,0,0,,0,0,0,0,,,0,0,58,,,139
2016,427,West Melbourne (Residential),0,,0,0,,,,0,0,,,0,0,24,0,0,0,20,0,,149
2016,428,West Melbourne (Residential),0,0,0,0,0,0,0,0,0,0,0,0,,,0,0,0,,,,60
2016,429,West Melbourne (Residential),0,0,0,,17,,50,0,0,0,0,0,0,,0,0,,0,0,,92
2016,430,West Melbourne (Residential),0,0,0,0,,0,0,0,0,16,,0,,,0,0,0,,0,,131
2016,431,West Melbourne (Residential),0,,0,,66,0,0,,0,0,,0,,,0,,0,7,,,184
2016,432,West Melbourne (Residential),0,0,0,,0,0,158,0,0,13,0,,0,,0,0,0,0,,0,356
2016,433,West Melbourne (Residential),0,0,0,,0,0,,0,0,0,0,0,0,0,0,0,0,0,0,0,
2016,434,West Melbourne (Residential),0,,0,0,27,0,,0,6,20,,,,,0,,0,11,,,161
2016,435,West Melbourne (Residential),,0,0,0,0,0,0,0,0,30,,,,12,0,0,0,21,8,0,91
2016,436,West Melbourne (Residential),0,0,0,0,0,0,0,0,0,0,0,0,0,0,0,0,0,0,0,0,0
2016,437,West Melbourne (Residential),0,0,0,0,,,0,0,0,,0,0,0,,0,0,0,0,0,0,145
2016,438,West Melbourne (Residential),,0,0,0,0,,0,,0,0,0,,0,0,0,0,0,0,,,65
2016,439,West Melbourne (Residential),0,0,0,0,74,0,0,,0,,0,0,0,30,0,0,0,,0,,149
2016,440,West Melbourne (Residential),0,0,0,,39,0,,0,0,0,,0,,,0,,0,0,,0,189
2016,441,West Melbourne (Residential),,0,0,0,0,0,0,0,0,,0,0,0,,0,0,0,,0,0,14
2016,442,West Melbourne (Residential),0,0,0,,,0,0,0,0,0,0,0,0,0,0,0,0,0,0,,202
2016,443,West Melbourne (Residential),0,,0,0,0,0,0,0,0,0,,0,0,0,0,0,0,,0,0,377
2016,444,West Melbourne (Residential),0,,0,0,596,,,0,,,,0,0,,,0,0,0,,,817
2016,445,West Melbourne (Residential),0,0,0,0,0,0,0,0,0,0,0,0,0,0,,0,0,0,0,0,
2016,501,West Melbourne (Industrial),0,0,0,,,0,0,,0,0,0,0,45,,,0,0,0,,402,629
2016,502,West Melbourne (Industrial),0,0,0,0,0,0,0,,0,0,0,,,0,0,0,,,135,187,396
2016,503,Kensington,0,14,0,,57,159,,0,0,9,0,0,152,25,,0,,,,158,716
2016,504,Kensington,0,0,0,,,0,0,0,0,0,0,0,0,0,0,0,,,,,86
2016,505,Kensington,0,0,0,0,,,0,0,0,,0,,,28,0,0,0,,,,119
2016,506,North Melbourne,0,,0,0,0,0,0,0,0,0,0,0,0,0,0,0,0,0,,,5
2016,507,Kensington,0,0,0,,,,0,0,0,0,0,,,63,0,0,0,,0,0,179
2016,508,Kensington,0,,0,,11,,,0,0,0,0,0,32,0,,0,0,0,0,47,108
2016,509,Kensington,0,0,0,112,8,0,0,0,0,0,0,9,47,0,0,0,0,,,0,205
2016,510,Kensington,0,0,0,0,0,0,0,0,0,0,0,0,0,0,0,0,0,0,0,0,0
2016,511,Kensington,0,0,0,0,0,0,0,0,0,0,0,0,0,0,0,0,0,0,0,,
2016,512,Kensington,0,0,0,0,0,0,0,0,0,,0,0,,0,0,0,0,0,0,0,118
2016,513,Kensington,0,0,0,0,,0,0,0,0,,0,,,0,0,0,0,,0,,36
2016,514,Kensington,0,0,0,0,0,0,0,0,0,0,0,0,0,0,0,0,0,0,0,0,0
2016,515,Kensington,0,0,0,0,0,0,0,0,0,0,0,0,0,0,0,0,0,0,0,0,0
2016,516,Kensington,0,0,0,0,0,0,0,0,0,0,0,0,0,0,0,0,0,0,0,0,0
2016,517,Kensington,0,0,0,0,0,0,0,0,0,0,0,0,0,0,0,0,0,0,0,0,0
2016,518,Kensington,0,0,0,0,0,0,0,0,0,0,0,0,0,0,0,0,0,0,0,0,0
2016,519,Kensington,0,,0,103,0,0,0,0,0,0,,0,0,0,0,0,0,0,0,0,156
2016,520,Kensington,0,0,0,,0,0,0,0,0,,,0,0,0,0,0,0,0,0,0,12
2016,521,Kensington,0,0,0,0,0,0,0,0,0,0,0,0,0,0,0,0,0,0,0,0,0
2016,522,Kensington,0,0,0,0,0,0,0,0,0,0,0,0,0,0,0,0,0,0,0,0,0
2016,523,Kensington,0,0,0,0,0,0,,0,0,,18,0,0,0,0,0,0,,0,0,57
2016,524,Kensington,0,0,0,,0,0,0,0,0,10,,0,0,,0,,0,,,,88
2016,525,Kensington,0,0,0,0,0,0,0,,0,,0,0,0,,0,0,0,0,0,0,13
2016,526,Kensington,0,0,0,0,0,0,0,0,0,0,0,0,0,,0,0,0,0,0,0,
2016,527,Kensington,0,0,0,,0,0,0,0,0,0,0,0,0,0,0,0,0,0,0,0,
2016,528,Kensington,0,0,0,,0,0,0,0,0,0,0,0,0,0,0,0,0,0,0,0,
2016,529,Kensington,0,0,0,,0,0,0,0,0,0,0,0,0,0,0,0,0,0,0,0,
2016,530,Kensington,0,0,0,,0,0,0,,0,0,0,0,0,0,0,0,0,0,0,0,0
2016,531,Kensington,0,0,0,,0,0,0,0,0,0,0,0,0,0,0,0,0,0,0,0,
2016,532,Kensington,0,0,0,0,0,0,0,0,0,0,0,0,0,0,0,0,0,0,0,0,0
2016,533,Kensington,0,0,0,0,0,0,0,0,0,0,0,0,0,0,0,0,0,0,0,0,0
2016,534,Kensington,0,0,0,,0,0,0,0,0,0,0,0,0,0,0,0,0,0,0,0,
2016,535,Kensington,0,0,0,0,0,0,0,,0,0,0,0,0,0,0,0,0,0,0,0,
2016,536,Kensington,0,0,0,0,0,0,0,0,0,0,0,0,0,0,0,0,0,0,0,0,0
2016,537,Kensington,0,0,0,,0,0,0,0,0,0,0,0,0,0,0,0,0,0,0,0,
2016,538,Kensington,0,0,0,,0,0,0,0,0,0,0,0,0,0,0,0,0,0,0,0,
2016,539,Kensington,0,,0,2,0,,0,0,0,0,0,0,106,,0,0,,0,,0,309
2016,540,Kensington,0,0,0,,0,0,0,0,0,0,0,0,0,0,0,0,0,0,0,0,
2016,541,Kensington,0,0,0,0,0,0,0,0,0,0,0,0,0,0,0,0,0,0,0,0,0
2016,542,Kensington,0,0,0,,0,0,0,0,0,0,0,0,0,0,0,0,0,0,0,0,
2016,543,Kensington,0,0,0,0,0,0,0,0,0,0,0,0,0,0,0,0,0,0,0,0,0
2016,544,Kensington,0,0,0,0,0,0,0,0,0,0,0,0,0,0,0,0,0,0,0,0,0
2016,545,Kensington,0,0,0,0,0,0,0,0,0,0,0,0,0,0,0,0,0,0,0,0,0
2016,546,Kensington,0,0,0,0,0,0,0,0,0,0,0,0,0,0,0,0,0,0,0,0,0
2016,547,Kensington,0,0,0,0,,0,0,0,0,,0,0,0,0,0,0,0,0,0,0,
2016,548,Kensington,0,0,0,0,0,0,0,0,0,0,0,0,0,0,0,0,0,0,0,0,0
2016,549,Kensington,0,0,0,,0,0,0,0,0,0,0,0,0,0,0,0,0,0,0,0,
2016,550,Kensington,0,0,0,,0,0,0,,0,0,0,0,0,0,0,0,0,0,0,0,0
2016,551,Kensington,0,0,0,0,0,0,0,0,0,0,0,0,0,0,0,0,0,0,0,0,0
2016,552,Kensington,0,0,0,0,0,0,0,0,0,0,0,0,0,0,0,0,0,0,0,0,0
2016,553,Kensington,0,0,0,,0,0,0,0,0,0,0,0,0,0,0,0,0,0,0,0,
2016,554,Kensington,0,0,0,0,0,0,0,0,0,0,0,0,0,0,0,0,0,0,0,0,0
2016,555,Kensington,0,0,0,0,0,0,0,0,0,0,0,0,0,0,0,0,0,0,0,0,0
2016,556,Kensington,0,0,0,0,0,0,0,0,0,0,0,0,0,0,0,0,0,0,0,0,0
2016,557,Kensington,0,0,0,0,0,0,0,0,0,0,0,0,0,0,0,0,0,0,0,0,0
2016,558,Kensington,0,0,0,,0,0,0,,0,0,0,0,0,0,0,0,0,0,0,0,0
2016,559,Kensington,0,,,,,,,,,36,,,,,,,,23,,,59
2016,560,Kensington,0,0,0,,0,0,0,0,0,0,,0,0,0,0,0,0,0,0,0,19
2016,561,Kensington,0,0,0,,0,0,0,0,0,0,0,0,0,0,0,0,0,0,0,0,
2016,562,Kensington,0,0,0,,,0,0,0,0,0,0,0,0,0,0,0,0,0,0,,3
2016,563,Kensington,0,0,0,,0,0,0,0,0,0,0,0,0,0,0,0,0,0,0,0,
2016,564,Kensington,0,0,0,0,0,0,0,0,0,0,0,0,0,0,0,0,0,0,0,0,0
2016,565,Kensington,0,0,0,0,0,0,0,0,0,0,0,0,0,0,0,0,0,0,0,0,0
2016,566,Kensington,0,0,0,0,0,0,0,0,0,0,0,0,0,0,0,0,0,0,0,0,0
2016,567,Kensington,0,0,0,0,0,0,0,0,0,0,0,0,0,0,0,0,0,0,0,0,0
2016,569,Kensington,0,0,0,,0,0,0,0,0,0,0,0,0,0,0,0,0,0,0,0,
2016,570,Kensington,,0,,"2,765",,0,,0,0,,0,,0,4,0,0,0,0,0,0,"2,819"
2016,571,Kensington,0,0,0,,0,0,0,0,,54,,,,20,0,,0,227,,0,447
2016,601,East Melbourne,,0,0,0,0,0,0,0,0,0,,0,0,10,0,0,0,0,0,0,79
2016,602,East Melbourne,0,0,0,0,,0,0,0,0,0,0,0,0,0,0,0,0,0,0,0,
2016,603,East Melbourne,0,0,0,,0,0,0,0,0,0,0,0,0,0,0,0,0,,0,0,20
2016,604,East Melbourne,0,0,0,0,0,0,0,0,0,0,0,0,0,0,0,0,0,0,0,0,0
2016,605,East Melbourne,0,0,0,0,0,0,0,0,0,0,0,0,0,0,0,0,0,,0,0,
2016,606,East Melbourne,11,,0,0,30,,0,0,0,,63,0,0,,0,0,0,0,0,0,135
2016,607,East Melbourne,,,0,0,82,,0,,,50,180,,,349,0,,0,,,0,776
2016,608,East Melbourne,0,0,0,0,0,0,0,,0,0,0,,0,0,0,0,0,0,0,0,
2016,609,East Melbourne,0,0,0,0,0,0,0,0,0,0,0,0,0,0,0,0,0,0,0,0,0
2016,610,East Melbourne,,0,0,0,0,0,0,0,0,0,0,0,0,0,0,0,0,0,0,0,
2016,611,East Melbourne,0,0,0,,,0,0,,0,0,,0,0,,0,0,0,0,0,0,30
2016,612,East Melbourne,,0,0,0,,,0,0,0,,,,0,0,0,,0,0,0,0,70
2016,613,East Melbourne,10,0,0,,,0,0,0,,41,62,0,0,9,0,,0,,0,0,179
2016,614,East Melbourne,,0,0,0,,0,0,0,0,,861,0,0,4,0,0,0,,0,0,900
2016,615,East Melbourne,0,0,0,0,0,0,0,0,0,,909,0,0,0,0,0,0,,0,0,934
2016,616,East Melbourne,,0,0,,0,0,0,0,0,0,0,0,0,0,0,0,0,0,0,0,21
2016,617,East Melbourne,,0,0,0,0,0,0,0,0,0,,0,0,,0,0,0,,0,0,13
2016,618,East Melbourne,,0,0,0,81,,,0,0,47,161,,,0,0,0,0,0,0,0,639
2016,619,East Melbourne,0,47,0,11,0,0,0,,0,,0,0,0,0,,0,0,0,0,0,82
2016,620,East Melbourne,0,0,0,0,,0,83,0,0,,864,,0,,,0,0,,0,0,"1,022"
2016,621,East Melbourne,0,,0,,173,0,573,0,839,23,557,,,296,,0,0,0,0,,"2,635"
2016,642,East Melbourne,0,,,1,,,,,,,,,,,,,,,,,202
2016,643,East Melbourne,0,0,0,,0,0,0,0,0,0,0,0,0,0,0,0,0,0,0,0,
2016,644,East Melbourne,,0,0,,838,0,,0,,39,435,0,,147,"1,523",,0,0,0,0,"3,645"
2016,645,East Melbourne,0,0,0,,0,0,0,0,0,,885,0,0,0,0,0,0,0,0,0,892
2016,646,East Melbourne,,,0,,91,0,,0,,,180,,0,17,0,0,0,0,0,,369
2016,649,East Melbourne,0,,0,,,0,0,0,0,,0,0,0,,150,0,0,,0,0,169
2016,650,East Melbourne,0,0,0,0,0,0,0,0,0,0,0,0,0,,0,0,0,0,0,0,
2016,651,East Melbourne,349,0,0,,,0,0,0,0,31,"2,424",0,0,33,0,0,0,0,0,0,"2,851"
2016,652,East Melbourne,0,0,0,,0,0,,0,0,,0,0,0,,"3,048",0,0,0,0,0,"3,100"
2016,653,East Melbourne,0,0,0,,0,0,0,0,0,0,0,0,0,,0,0,0,0,0,0,
2016,654,Melbourne (Remainder),0,0,0,0,0,0,0,0,0,0,0,0,0,,0,0,0,0,0,0,
2016,655,East Melbourne,,0,0,,145,0,,0,,,,0,0,0,0,0,0,0,0,0,441
2016,656,East Melbourne,,91,0,282,208,,0,0,25,,28,0,0,73,0,,,0,0,,886
2016,657,East Melbourne,0,0,0,0,0,0,0,0,0,0,,0,0,0,0,0,0,0,0,0,
2016,658,East Melbourne,0,,0,"1,306",0,0,0,,0,,0,0,0,0,0,0,0,0,0,0,"4,094"
2016,659,Melbourne (Remainder),0,0,0,"2,697",0,0,0,0,0,"1,033",0,0,0,,0,0,0,0,,0,"3,730"
2016,660,Melbourne (Remainder),0,,0,888,0,0,0,0,0,402,,0,0,,0,0,0,,,0,"1,406"
2016,661,East Melbourne,0,0,0,,0,0,0,0,0,0,0,0,0,0,0,0,0,0,0,0,
2016,662,East Melbourne,0,0,0,,0,0,0,0,0,0,0,0,0,0,0,0,0,0,,0,
2016,663,Melbourne (Remainder),0,0,0,,0,0,,0,0,0,0,0,0,,0,0,0,0,0,0,18
2016,710,Melbourne (Remainder),,0,0,0,0,0,,0,0,73,,0,0,,0,0,0,15,,0,226
2016,720,Melbourne (Remainder),0,29,0,,562,,,0,116,54,445,,54,22,,22,0,69,0,252,"1,808"
2016,724,Melbourne (Remainder),0,747,0,0,311,0,,0,,631,7,0,0,,,,0,,,0,"1,903"
2016,728,Southbank,0,0,0,,0,0,0,0,0,0,0,0,0,,0,0,0,0,0,0,0
2016,729,Southbank,,0,0,0,0,0,0,0,0,0,,0,0,,0,,15,,0,0,160
2016,730,Southbank,,,0,0,0,0,0,0,,,0,,0,0,0,0,0,,,0,81
2016,918,Parkville,0,0,0,0,0,0,0,0,0,0,0,0,0,0,0,0,0,0,0,0,0
2016,731,Southbank,0,0,0,0,0,0,0,0,0,,0,0,0,0,0,0,0,0,0,0,
2016,732,Southbank,,0,0,0,0,0,0,,0,,0,0,0,,0,,,0,0,0,52
2016,733,Southbank,0,0,0,,0,,0,0,0,0,0,0,0,0,0,0,0,4,0,0,120
2016,734,Southbank,,,0,0,72,38,0,,,0,,0,0,,,,,,0,,232
2016,735,Southbank,0,0,0,0,,,,,0,0,0,0,0,,0,,0,0,0,,48
2016,736,Southbank,0,0,0,0,0,0,0,,0,0,0,0,0,,0,0,0,0,,,63
2016,737,Southbank,0,0,0,0,237,0,,,0,0,0,0,0,0,,0,0,0,0,0,254
2016,738,Southbank,0,0,0,,0,0,0,,0,,0,,0,0,,0,0,0,0,0,907
2016,739,Southbank,0,0,0,,0,0,,,0,,0,0,0,0,0,0,0,0,0,0,407
2016,740,Southbank,0,0,0,0,0,0,0,0,0,,0,0,0,0,0,0,0,,,0,168
2016,741,Southbank,0,0,0,257,208,0,,,,,31,0,0,0,0,0,0,,0,0,547
2016,742,Southbank,0,0,0,,0,0,0,0,0,0,0,0,0,0,0,0,0,,0,0,3
2016,743,Southbank,0,0,0,,0,0,0,0,0,0,0,0,0,0,0,0,0,0,0,0,
2016,744,Southbank,1,0,0,0,66,,0,,,,0,0,,0,0,0,0,0,,0,181
2016,745,Southbank,0,0,0,,0,,,0,0,0,0,0,0,,0,0,0,0,0,0,196
2016,746,Southbank,0,,,,551,84,,,47,,73,523,0,0,0,,0,,,197,"1,724"
2016,747,Southbank,0,0,0,0,80,,0,0,0,,,,0,0,0,0,0,0,0,0,326
2016,748,Southbank,,,0,0,921,115,,,,32,,0,0,,0,,0,10,,,"1,344"
2016,749,Southbank,0,0,0,0,0,0,0,0,0,0,0,0,0,0,,0,0,0,0,0,
2016,750,Southbank,0,,0,0,,,0,0,,0,,0,0,0,0,0,0,0,0,0,26
2016,751,Southbank,0,0,0,0,0,0,,0,0,,0,0,0,0,,0,0,0,0,0,197
2016,752,Southbank,0,,,"1,174",,,,,,254,,,,,,,,,,,"1,428"
2016,753,Southbank,,54,,,593,0,0,,151,508,78,,,33,,33,0,43,57,,"5,345"
2016,759,Melbourne (Remainder),0,21,0,,711,,0,,99,23,0,,0,134,,0,0,0,0,,"1,322"
2016,760,Melbourne (Remainder),0,219,0,0,441,145,,0,"1,441",25,350,48,,47,38,143,,,61,,"3,228"
2016,771,Docklands,0,0,0,0,0,0,0,0,0,0,0,0,0,0,0,0,0,0,0,0,0
2016,772,Docklands,0,0,0,0,31,,,0,,0,,48,0,,0,,0,,64,25,472
2016,773,Docklands,0,,0,,31,,0,,0,43,,0,,14,0,42,0,,,,158
2016,774,Port Melbourne,0,0,0,0,0,,0,0,0,,0,,,0,,0,0,,0,0,240
2016,775,Port Melbourne,0,,0,0,32,76,0,0,0,0,,,148,,,0,,0,49,160,524
2016,776,Docklands,0,0,0,0,0,0,0,0,0,0,0,0,0,0,0,0,0,,0,0,
2016,777,Port Melbourne,0,0,0,0,0,,0,0,0,0,0,0,0,0,0,0,,0,0,0,52
2016,778,Port Melbourne,0,0,0,0,76,,,0,0,0,0,86,126,,0,0,,,0,86,421
2016,779,Port Melbourne,0,0,0,0,,0,0,,0,,0,0,,0,0,0,0,0,,,"1,018"
2016,780,Port Melbourne,0,0,0,0,0,0,0,,0,0,0,0,,0,0,0,0,0,0,0,
2016,781,Port Melbourne,,66,0,,241,194,0,0,24,,42,,751,,82,,,60,149,205,"1,918"
2016,782,Port Melbourne,0,0,0,0,,0,0,,0,0,0,0,,0,0,0,,,,,369
2016,783,Docklands,0,0,0,0,0,0,0,0,0,0,0,0,,0,0,0,0,0,,0,82
2016,784,Port Melbourne,0,,0,0,102,115,0,0,,,0,32,328,,27,,0,20,16,196,888
2016,785,Port Melbourne,0,,0,0,,,,0,0,,0,0,,,,0,0,,83,,209
2016,786,Port Melbourne,0,,,14,109,36,0,0,0,53,0,26,"1,935",52,,0,,19,,87,"3,162"
2016,787,Port Melbourne,0,0,0,0,0,,0,0,,0,0,0,0,0,,0,,,0,,112
2016,788,Port Melbourne,0,0,0,0,0,0,0,0,0,,0,0,0,0,0,0,0,,0,0,
2016,789,Port Melbourne,0,0,0,,0,0,0,0,0,0,0,,0,0,0,0,0,0,0,0,350
2016,790,Port Melbourne,0,238,0,,118,142,5,,,,,,509,37,0,,,76,62,525,"1,838"
2016,791,Port Melbourne,,,0,0,56,,0,0,0,,0,0,"1,474",,0,0,,0,53,,"1,671"
2016,792,Port Melbourne,0,0,0,,0,0,0,0,0,0,0,0,0,0,0,0,0,0,0,0,
2016,793,Port Melbourne,0,0,0,0,0,0,0,,0,0,0,0,0,0,0,0,0,0,0,0,
2016,794,Port Melbourne,0,0,0,0,0,0,0,0,0,0,0,0,0,0,0,0,0,0,,0,
2016,795,Port Melbourne,0,0,0,0,0,0,0,0,0,0,0,0,0,0,0,0,0,0,427,0,427
2016,801,Southbank,,85,,,714,143,,0,156,197,,128,0,,,,0,25,,0,"2,780"
2016,802,Southbank,0,,730,,"2,915",122,0,,528,236,,0,440,404,0,45,0,139,,,"6,703"
2016,803,Southbank,,,0,"5,611",0,0,0,0,0,"1,111",0,,0,,0,0,0,120,0,0,"8,105"
2016,804,Southbank,,447,0,,48,0,0,0,,455,16,,0,25,0,65,0,"1,099",,,"3,797"
2016,806,Southbank,,0,0,44,0,,,0,0,184,,0,0,,0,0,0,102,0,0,756
2016,807,Southbank,,0,0,0,,,0,0,0,,0,0,,0,0,0,0,0,0,0,858
2016,808,Southbank,0,,0,,263,166,,,,47,,0,0,0,0,171,0,51,,,877
2016,809,Southbank,0,0,0,0,0,0,0,0,0,,,,0,0,0,0,0,0,0,0,32
2016,810,Southbank,,0,0,0,0,0,0,0,0,0,0,0,0,0,0,,0,,0,0,14
2016,811,Southbank,,0,0,0,0,0,0,,0,,0,0,0,,0,0,0,0,0,0,39
2016,812,Southbank,,,0,,439,43,,0,25,53,20,0,,52,0,,0,87,0,,871
2016,813,Southbank,0,0,0,,0,0,,0,0,0,,0,0,,0,0,0,0,0,0,318
2016,814,Southbank,0,0,0,0,0,0,0,0,0,,0,0,,0,0,0,0,0,0,0,
2016,815,Southbank,0,0,0,0,,27,0,0,0,,0,0,0,,0,,0,,0,0,75
2016,849,South Yarra,0,0,0,,0,0,0,0,0,0,0,0,0,0,0,0,0,0,0,0,
2016,850,Melbourne (Remainder),0,0,0,16,0,0,0,,0,0,0,0,0,,0,0,0,0,0,0,16
2016,851,Melbourne (Remainder),0,0,0,,0,0,0,0,0,0,0,0,0,0,0,0,0,0,0,0,
2016,852,Melbourne (Remainder),0,,0,216,0,,0,,0,115,0,0,0,3,0,0,0,,0,0,340
2016,853,South Yarra,0,0,0,0,0,0,0,0,0,0,0,0,0,0,0,0,0,0,0,0,0
2016,854,South Yarra,0,0,0,,0,0,0,0,0,0,0,0,0,0,0,0,0,0,0,0,
2016,855,South Yarra,0,0,0,0,0,0,,,0,0,0,0,0,0,0,0,0,0,0,0,455
2016,856,South Yarra,0,0,0,0,0,0,0,0,0,0,0,0,0,0,0,0,0,0,0,0,0
2016,857,South Yarra,0,0,0,0,0,0,0,0,0,0,0,0,0,0,,0,0,0,0,0,
2016,858,South Yarra,,0,0,0,0,0,0,0,0,0,0,,0,,0,0,0,0,0,0,22
2016,859,South Yarra,0,0,0,0,0,0,0,0,0,0,0,0,0,,0,0,0,0,0,0,
2016,860,South Yarra,0,0,0,0,0,0,,0,0,0,0,0,0,0,0,0,0,0,0,0,
2016,861,South Yarra,0,0,0,0,0,0,13,,0,116,0,0,0,,0,0,0,20,0,0,151
2016,862,South Yarra,,0,0,0,0,0,15,0,0,,0,0,0,0,0,0,0,0,0,0,91
2016,863,Melbourne (Remainder),0,0,0,0,0,0,,0,0,0,0,0,0,0,0,0,0,0,0,0,
2016,864,South Yarra,0,0,0,0,0,0,0,,0,0,0,0,0,,0,0,0,0,0,0,17
2016,865,South Yarra,0,0,0,0,0,0,,0,0,0,0,0,0,0,0,0,0,0,0,0,
2016,866,South Yarra,0,,0,,0,0,,,0,,,0,0,,0,0,0,0,0,0,42
2016,867,South Yarra,0,0,0,0,0,0,,0,0,0,0,0,0,,0,0,0,0,0,0,
2016,868,South Yarra,0,0,0,0,0,0,,0,0,0,0,0,0,,0,0,0,0,0,0,41
2016,869,South Yarra,0,0,0,0,0,0,0,0,0,0,0,0,0,0,0,0,0,0,0,0,0
2016,870,Melbourne (Remainder),0,0,0,0,"4,075",0,,0,0,62,"6,306",0,0,,0,0,0,19,0,0,"11,023"
2016,871,Melbourne (Remainder),0,,,,,,487,,,,,,,,,,,,,,559
2016,901,Parkville,0,0,0,0,0,0,0,0,0,0,0,0,0,0,0,0,0,0,0,0,0
2016,902,Parkville,0,0,0,,0,0,0,,0,0,0,0,0,0,0,0,0,0,0,0,0
2016,903,Parkville,,0,0,0,0,0,,0,0,,0,0,0,,0,0,0,0,0,0,40
2016,904,Parkville,,0,0,0,0,0,,0,0,,0,0,0,,0,0,0,0,0,0,396
2016,905,Parkville,0,0,0,0,0,0,,0,0,0,0,0,0,0,0,,0,0,0,0,
2016,906,Parkville,,,0,0,229,0,,0,,59,,,,60,0,0,0,,,,582
2016,907,Parkville,0,0,0,,0,0,0,0,0,0,0,0,0,0,0,0,0,0,0,0,
2016,908,Parkville,,0,0,0,0,0,0,0,0,0,0,0,0,0,0,,0,0,0,0,
2016,909,Parkville,0,0,0,,0,0,,0,0,0,0,0,0,,0,0,0,0,0,0,4
2016,910,Parkville,0,0,0,0,0,0,0,0,0,0,0,0,0,,0,0,0,0,0,0,
2016,911,Parkville,0,0,0,0,0,0,0,0,0,0,,0,0,0,0,0,0,0,0,0,
2016,912,Parkville,0,0,0,0,0,0,0,0,0,0,0,0,0,0,0,0,0,0,0,0,0
2016,913,Parkville,0,0,0,0,0,0,0,0,0,,0,0,0,0,0,0,0,0,0,0,
2016,914,Parkville,,0,0,0,0,0,0,0,0,0,,0,0,0,0,0,0,0,,0,17
2016,915,Parkville,0,0,0,0,0,0,0,0,0,,,0,0,,0,0,0,,0,0,30
2016,916,Parkville,0,0,0,0,0,0,64,0,0,0,0,0,0,0,0,0,0,0,0,0,64
2016,919,Parkville,0,0,0,0,0,0,0,0,0,0,0,0,0,0,0,0,0,0,0,0,0
2016,920,Parkville,0,0,0,0,,0,0,0,,74,"10,268",0,0,8,0,0,0,32,,0,"11,149"
2016,921,Parkville,0,0,0,0,104,0,450,0,0,,,0,0,0,0,0,0,0,0,0,559
2016,922,Parkville,,0,0,,0,0,0,0,0,0,,0,0,36,0,0,0,0,0,0,48
2016,923,Parkville,0,0,0,0,0,0,0,0,0,0,0,0,0,,0,0,0,0,0,0,
2016,924,Parkville,0,0,0,0,0,0,0,0,0,0,0,0,0,0,0,0,0,0,0,0,0
2016,925,Parkville,,0,0,0,0,0,0,0,0,0,0,0,0,0,0,0,0,0,0,0,
2016,926,Parkville,0,0,0,0,0,0,0,0,0,0,0,0,0,0,0,0,0,0,0,0,0
2016,927,Parkville,0,0,0,,0,0,0,0,0,0,,0,0,0,0,0,0,0,0,0,
2016,928,Parkville,0,0,0,0,,0,0,0,0,,243,0,0,,0,0,0,0,0,0,379
2016,929,Parkville,0,0,0,,0,0,,0,0,,725,0,0,0,,0,0,0,0,0,938
2016,930,Parkville,0,0,0,0,,0,0,0,0,,,0,,0,0,0,0,0,0,0,"2,281"
2016,931,Parkville,0,0,0,478,0,0,0,0,0,155,0,0,0,0,0,0,0,,,0,638
2016,932,Parkville,,0,0,,0,0,0,0,0,203,"5,158",0,0,37,0,0,0,25,0,0,"5,448"
2016,1001,West Melbourne (Industrial),0,,,,,,,,,,,,,,,,,,745,,745
2016,1002,West Melbourne (Industrial),0,0,0,,0,0,0,,0,0,0,0,0,0,0,0,0,0,,0,0
2016,1004,West Melbourne (Industrial),0,0,0,,0,0,0,,0,0,0,0,,0,0,0,0,,277,0,321
2016,1005,West Melbourne (Industrial),0,0,0,,0,,0,,0,,0,0,0,,0,,0,,82,0,175
2016,1006,West Melbourne (Industrial),0,0,0,,0,0,0,,0,,0,,0,0,0,0,0,0,292,0,300
2016,1007,West Melbourne (Industrial),0,0,0,0,0,0,0,,0,,0,0,0,0,0,0,0,0,773,0,775
2016,1009,West Melbourne (Industrial),0,0,0,0,,0,0,0,0,,0,,0,0,0,0,0,0,609,0,617
2016,1012,North Melbourne,0,,0,0,80,,0,,0,0,0,0,197,,0,0,,0,31,,386
2016,1013,West Melbourne (Industrial),0,0,0,0,0,,0,0,0,0,0,0,,0,0,0,0,0,98,0,140
2016,1014,West Melbourne (Industrial),0,0,0,,,0,0,0,0,0,0,0,0,,0,0,0,0,,60,150
2016,1015,West Melbourne (Industrial),0,0,0,,0,,0,,0,,0,0,,20,0,0,0,29,0,,86
2016,1016,Kensington,0,0,0,0,0,0,0,,0,0,0,0,0,0,0,0,0,0,0,0,
2016,1101,Docklands,,,0,5,0,0,0,"1,224",,513,18,853,,208,,32,17,751,532,0,"5,776"
2016,1102,Docklands,,,0,0,141,8,,0,7,19,12,268,,11,,0,0,,484,0,"1,728"
2016,1103,Docklands,,,0,706,21,0,,,"6,604","1,466",33,,0,18,0,40,,10,,0,"9,868"
2016,1104,Docklands,0,,0,25,58,,0,0,9,64,0,16,,17,0,15,0,12,18,8,253
2016,1105,Docklands,,291,,29,"3,355",,0,0,"3,650",349,129,"1,980",,0,785,79,0,14,"1,514",569,"13,642"
2016,1106,Docklands,0,0,0,0,0,0,0,0,0,0,0,0,0,0,0,0,0,0,0,0,0
2016,1107,Docklands,0,0,0,5,0,0,,,0,,0,0,0,0,,0,0,0,0,0,126
2016,1108,Docklands,0,903,0,41,"1,483",110,21,,"12,142",540,126,651,26,157,,80,,920,21,,"17,526"
2016,1109,Docklands,47,177,,5,337,30,60,,54,324,60,,0,47,,142,0,76,120,44,"1,561"
2016,1110,Docklands,0,,0,227,,129,156,,,233,,,,28,0,,0,639,0,0,"2,109"
2016,1111,West Melbourne (Industrial),0,0,0,0,0,0,0,0,0,0,0,0,0,0,0,0,0,0,253,0,253
2016,1112,Docklands,0,0,0,0,0,0,0,0,,11,0,0,0,,0,0,0,,,0,32
2016,2381,North Melbourne,0,0,0,0,37,,,0,,0,,0,,,0,0,0,0,,0,149
2016,2382,North Melbourne,0,0,0,0,0,0,0,0,0,0,0,0,0,,0,0,0,,0,0,
2016,2383,North Melbourne,0,,0,0,0,32,,,0,0,,,0,,0,0,0,,0,,217
2016,2384,North Melbourne,,38,,0,,,,0,0,0,,,,,0,0,0,,0,0,212
2016,2385,North Melbourne,0,0,0,,0,,,0,0,,,0,,0,0,0,0,,0,30,116
2016,2386,North Melbourne,0,0,0,0,0,0,0,0,0,0,0,0,0,,,0,0,0,0,0,
2016,2387,North Melbourne,0,0,0,,,,0,0,,0,0,0,0,,0,0,,0,0,68,268
2016,2388,North Melbourne,0,0,0,0,0,0,0,,0,0,,0,0,,0,0,0,0,0,0,20
2016,2389,North Melbourne,0,0,0,0,0,0,0,0,0,0,,0,0,0,,0,0,0,0,0,
2016,2390,North Melbourne,0,30,0,,28,12,,0,0,6,0,,61,,0,0,,,,36,280
2016,2391,North Melbourne,,0,0,0,0,0,0,,0,0,0,0,0,0,0,0,0,0,0,0,
2016,2392,North Melbourne,0,0,0,0,0,0,0,0,0,11,,0,,5,0,0,0,13,,0,37
2016,2501,Kensington,0,0,0,3,0,0,0,0,0,0,0,0,0,0,0,0,0,0,0,0,3
2016,2502,Kensington,0,0,0,0,0,0,,0,0,0,0,0,0,0,0,0,0,0,0,0,
2016,2503,Kensington,0,0,0,,0,0,0,0,0,0,0,0,0,0,0,0,0,0,0,0,
2016,2504,Kensington,0,0,0,0,0,0,0,0,0,0,0,0,0,0,0,0,0,0,0,0,0
2016,2505,Kensington,0,0,0,0,0,0,0,0,0,0,0,0,0,0,0,0,0,0,0,0,0
2016,2506,Kensington,0,0,0,0,0,0,0,0,0,0,0,0,0,0,0,0,0,0,0,0,0
2016,2507,Kensington,0,0,0,0,0,0,0,0,0,0,0,0,0,0,0,0,0,0,0,0,0
2016,2508,Kensington,0,0,0,0,0,0,0,0,0,0,0,0,0,0,0,0,0,0,0,0,0
2016,2509,Kensington,0,0,0,,0,0,0,0,0,0,0,0,0,0,0,0,0,0,0,0,
2016,2510,Kensington,0,0,0,,0,0,0,0,0,0,,0,0,0,0,0,0,0,0,0,58
2016,2511,Kensington,0,0,0,0,0,0,0,0,0,0,0,0,0,0,0,0,0,0,0,0,0
2016,2512,Kensington,0,0,0,,0,0,0,0,0,0,0,0,0,0,0,0,0,0,0,0,
2016,2513,Kensington,0,0,0,0,0,0,0,0,0,0,0,0,0,0,0,0,0,0,0,0,0
2016,2514,Kensington,0,0,0,0,0,0,0,0,0,0,0,0,0,0,0,0,0,0,0,0,0
2016,2515,Kensington,0,,0,,,0,0,0,,0,0,0,0,,,0,0,0,0,0,26
2016,2516,Kensington,0,0,0,0,0,0,0,0,0,0,0,0,0,0,0,0,0,0,0,0,0
2016,2517,Kensington,0,0,0,0,0,0,0,0,0,0,0,0,0,0,0,0,0,0,0,0,0
2016,2518,Kensington,0,0,0,0,0,0,0,0,0,0,0,0,0,,0,0,0,0,0,0,
2016,2519,Kensington,0,0,0,0,0,0,0,0,0,0,0,0,0,0,0,0,0,0,0,0,0
2016,2520,Kensington,0,0,0,0,0,0,,0,0,0,0,0,0,,0,0,0,0,0,0,50
2016,2521,Kensington,0,0,0,0,0,0,0,0,0,0,0,0,0,,0,0,0,0,0,0,
2016,2522,Kensington,0,0,0,0,0,0,0,0,0,0,0,0,0,0,0,0,0,0,0,0,0
2016,2523,Kensington,0,0,0,0,0,0,0,0,0,22,,0,0,,0,0,0,0,0,0,29
2016,2524,Kensington,0,,0,0,,0,0,0,,49,,0,,19,0,,0,41,,0,143
2016,2525,Kensington,0,0,0,0,0,0,0,0,0,0,0,0,0,0,0,0,0,0,0,0,0
2016,2526,Kensington,0,0,0,0,0,0,0,0,0,0,0,0,0,0,0,0,0,0,0,,
2016,2527,Kensington,0,0,0,,0,0,0,0,0,0,0,0,0,0,0,0,0,0,0,0,
2016,2528,Kensington,0,0,0,0,0,0,0,0,0,0,0,,0,0,0,0,0,0,0,0,
2016,2529,Kensington,0,0,0,0,0,0,0,0,0,0,0,0,0,0,0,0,0,0,0,0,0
2016,2530,Kensington,0,0,0,0,0,0,0,,0,,0,0,0,0,0,0,0,0,0,0,15
2016,2531,Kensington,0,,0,0,0,0,0,0,0,0,0,0,0,0,0,0,0,,0,0,150
2016,2532,Kensington,0,0,0,0,0,0,0,0,0,0,0,0,0,0,0,,0,0,,0,
2016,2533,Kensington,0,0,0,,,0,,0,0,0,0,0,,,,0,0,0,,0,74
2016,2534,Kensington,0,0,0,0,,0,0,0,0,0,,0,0,0,0,,0,0,,,29
2016,2535,Kensington,0,0,0,0,0,0,0,0,0,0,0,0,0,0,0,0,0,0,0,0,0
2016,2536,Kensington,0,0,0,0,0,0,0,0,0,0,0,0,0,0,0,0,0,0,0,0,0
2016,2537,Kensington,0,0,0,0,0,0,0,0,0,0,0,0,0,0,0,0,0,0,0,0,0
2016,2538,Kensington,0,0,0,0,,,,0,0,0,0,0,,11,0,0,,,0,0,65
2016,2539,Kensington,0,0,0,0,0,0,0,0,0,,0,0,0,0,0,0,0,0,,,17
2016,2540,Kensington,0,,0,,79,,0,,,,8,,15,0,0,0,,,35,,183
2016,2541,Kensington,0,0,0,0,0,0,0,,0,0,,0,0,0,0,0,0,0,,0,17
2016,2542,Kensington,0,0,0,0,0,0,0,0,0,0,0,0,0,0,0,0,0,0,0,0,0
2016,2543,Kensington,0,0,0,0,0,0,0,0,0,0,0,0,0,0,0,0,0,0,0,0,0
2016,2544,Kensington,0,0,0,0,,0,0,0,0,0,0,0,,0,0,0,0,0,0,,11
2016,2545,Kensington,0,0,0,0,0,,0,0,0,0,0,0,,,0,0,0,0,0,0,55
2016,2546,Kensington,0,0,0,0,0,0,0,0,0,,0,0,,,0,0,0,0,0,0,23
2016,2547,Kensington,0,0,0,,600,0,0,0,0,0,,0,,,,0,0,0,0,,991
2016,2548,Kensington,0,0,0,,0,0,0,0,0,0,0,0,0,0,0,0,0,0,0,0,
2016,0,City of Melbourne (total),"10,806","14,616","3,841","23,513","78,690","5,775","24,136","9,690","62,903","35,478","41,172","28,566","15,423","12,495","40,315","5,282",463,"20,380","14,903","7,306","455,753"
